{"pages/category":"---\r\ncategory:\r\nshop_by_price: true\r\nproducts:\r\nlimit: {{theme_settings.categorypage_products_per_page}}\r\n---\r\n{{inject \"categoryProductsPerPage\" theme_settings.categorypage_products_per_page}}\r\n\r\n<!-- for bundleb2b -->\r\n{{inject \"categoryId\" category.id}}\r\n{{#partial \"head\"}}\r\n    {{#if pagination.category.previous}}\r\n        <link rel=\"prev\" href=\"{{pagination.category.previous}}\">\r\n    {{/if}}\r\n    {{#if pagination.category.next}}\r\n        <link rel=\"next\" href=\"{{pagination.category.next}}\">\r\n    {{/if}}\r\n{{/partial}}\r\n\r\n{{#partial \"page\"}}\r\n\r\n{{> components/common/breadcrumbs breadcrumbs=breadcrumbs}}\r\n{{#if category.image}}\r\n<img class=\"lazyload\" data-sizes=\"auto\" src=\"{{cdn 'img/loading.svg'}}\" data-src=\"{{getImage category.image 'zoom_size'}}\">\r\n{{/if}}\r\n<h1 class=\"page-heading\">{{category.name}}</h1>\r\n{{{category.description}}}\r\n{{{snippet 'categories'}}}\r\n<div class=\"page\" catalog-listing-wrap>\r\n    {{#if category.faceted_search_enabled}}\r\n    <aside class=\"page-sidebar\" id=\"faceted-search-container\">\r\n        {{> components/category/sidebar}}\r\n    </aside>\r\n    {{else if category.subcategories}}\r\n    <aside class=\"page-sidebar\" id=\"faceted-search-container\">\r\n        {{> components/category/sidebar}}\r\n    </aside>\r\n    {{else if category.shop_by_price}}\r\n    {{#if theme_settings.shop_by_price_visibility}}\r\n    <aside class=\"page-sidebar\" id=\"faceted-search-container\">\r\n        {{> components/category/sidebar}}\r\n    </aside>\r\n    {{/if}}\r\n    {{/if}}\r\n\r\n    <div class=\"page-content\">\r\n        <main id=\"product-listing-container\" class=\"viewList\">\r\n            {{#if category.products}}\r\n            {{> components/category/product-listing}}\r\n            {{else}}\r\n            <p>{{lang 'categories.no_products'}}</p>\r\n            {{/if}}\r\n        </main>\r\n        {{#if category.description}}\r\n        <div class=\"cat_desc\">\r\n            {{{category.description}}}\r\n        </div>\r\n        {{/if}}\r\n    </div>\r\n</div>\r\n\r\n{{/partial}}\r\n{{> layout/base}}\r\n\r\n<style>\r\n    @media (min-width: 801px)\r\n    {\r\n        .container\r\n        {\tmax-width:100%; padding:0 3.6%; width:100%;\r\n        }\r\n        .footer > .container {\r\n            padding: 0 6rem;\r\n            max-width:91.71429rem;\r\n        }\r\n        .hd_cnt\r\n        {\twidth:100%; padding:10px 3.6%; max-width: none;\r\n        }\r\n    }\r\n</style>","components/common/breadcrumbs":"<ul class=\"breadcrumbs\" itemscope itemtype=\"http://schema.org/BreadcrumbList\">\n    {{#each breadcrumbs}}\n        <li class=\"breadcrumb {{#if @last}}is-active{{/if}}\" itemprop=\"itemListElement\" itemscope itemtype=\"http://schema.org/ListItem\">\n            {{#or @last (if url \"==\" null)}}\n                <meta itemprop=\"item\" content=\"{{url}}\">\n                <span class=\"breadcrumb-label\" itemprop=\"name\">{{name}}</span>\n            {{else}}\n                <a href=\"{{url}}\" class=\"breadcrumb-label\" itemprop=\"item\"><span itemprop=\"name\">{{name}}</span></a>\n            {{/or}}\n            <meta itemprop=\"position\" content=\"{{add @index 1}}\" />\n        </li>\n    {{/each}}\n</ul>\n","components/category/sidebar":"<nav>\r\n\t{{#if category.image}}\r\n\t\t<div class=\"cat_img\">\r\n\t\t\t<img class=\"lazyload\" data-sizes=\"auto\" src=\"{{cdn 'img/loading.svg'}}\" data-src=\"{{getImage category.image 'zoom_size'}}\">\r\n\t\t</div>\r\n\t{{/if}}\r\n    {{#if category.subcategories}}\r\n        <div class=\"sidebarBlock SubCategoryBlock\">\r\n            <h5 class=\"sidebarBlock-heading\">{{category.name}}</h5>\r\n\t\t\t<div class=\"subcat_listing\">\r\n\t\t\t\t<input class=\"form-input\" id=\"subcategory-filters-input\" type=\"text\" placeholder=\"Filter subcategories\">\r\n\t\t\t\t<ul class=\"navList\">\r\n\t\t\t\t\t{{#each category.subcategories}}\r\n\t\t\t\t\t<li class=\"navList-item\">\r\n\t\t\t\t\t\t<a class=\"navList-action\" href=\"{{url}}\" alt=\"{{name}}\" title=\"{{name}}\">{{name}}</a>\r\n\t\t\t\t\t</li>\r\n\t\t\t\t\t{{/each}}\r\n\t\t\t\t</ul>\r\n\t\t\t</div>\r\n        </div>\r\n    {{/if}}\r\n\r\n    {{#if category.faceted_search_enabled}}\r\n        {{> components/faceted-search/index category}}\r\n    {{else}}\r\n        {{> components/category/shop-by-price shop_by_price=category.shop_by_price category_url=category.url}}\r\n    {{/if}}\r\n</nav>\r\n      \r\n","components/category/product-listing":"<div class=\"ListGrid\">\n\t<div id=\"category-view\" class=\"category-view textList\" onclick=\"myFunction()\">View:</div>  \n</div>\n{{> components/products/filter sort=pagination.category.sort}}\n\n<form action=\"{{urls.compare}}\" method='POST' {{#if settings.data_tag_enabled}} data-list-name=\"Category: {{category.name}}\" {{/if}} data-product-compare>\n    {{#if theme_settings.product_list_display_mode '===' 'grid'}}\n        {{#if settings.data_tag_enabled}}\n            {{> components/products/grid products=category.products show_compare=category.show_compare theme_settings=theme_settings event=\"list\" }}\n        {{else}}\n            {{> components/products/grid products=category.products show_compare=category.show_compare theme_settings=theme_settings}}\n        {{/if}}\n    {{else}}\n        {{#if settings.data_tag_enabled}}\n            {{> components/products/list products=category.products show_compare=category.show_compare theme_settings=theme_settings event=\"list\" }}\n        {{else}}\n            {{> components/products/list products=category.products show_compare=category.show_compare theme_settings=theme_settings}}\n        {{/if}}\n    {{/if}}\n</form>\n\n{{> components/common/paginator pagination.category}}\n  \n","layout/base":"<!DOCTYPE html>\n<html class=\"no-js\" lang=\"{{ locale_name }}\">\n<head>\n    <title>{{ head.title }}</title>\n    {{{ resourceHints }}}\n    {{{ head.meta_tags }}}\n    {{{ head.config }}}\n    {{#block \"head\"}} {{/block}}\n\n        <link href=\"{{ head.favicon }}\" rel=\"shortcut icon\">\n        <meta name=\"viewport\" content=\"width=device-width, initial-scale=1, maximum-scale=1\">\n        <link href=\"https://fonts.googleapis.com/css?family=Roboto:400,700|Open+Sans:400,700\" rel=\"stylesheet\">\n\n        <script>\n            // Change document class from no-js to js so we can detect this in css\n            document.documentElement.className = document.documentElement.className.replace('no-js', 'js');\n        </script>\n\n    {{ getFontsCollection }}\n<!--    <link href=\"https://fonts.googleapis.com/css?family=Open+Sans:400,600,700|Source+Sans+Pro:400,600,700\" rel=\"stylesheet\">-->\n    {{{stylesheet '/assets/css/theme.css'}}}\n\n    {{{head.scripts}}}\n    {{{head.rsslinks}}}\n\n    {{inject 'themeSettings' theme_settings}}\n    {{inject 'store_hash' settings.store_hash}}\n    {{inject 'genericError' (lang 'common.generic_error')}}\n    {{inject 'maintenanceMode' settings.maintenance}}\n    {{inject 'urls' urls}}\n    {{inject 'secureBaseUrl' settings.secure_base_url}}\n    {{inject 'cartId' cart_id}}\n    {{inject 'template' template}}\n    {{inject \"categories\" categories}}\n    {{inject \"page_template\" template}}\n    {{inject \"customer\" customer}}\n    {{inject \"cartData\" cart.items}}\n    {{inject \"b2bSettings\" settings}}\n    {{{snippet 'htmlhead'}}}\n    <!-- handle sessionstorage -->\n    <script>\n        let jc = JSON.parse({{jsContext}});\n        console.log(jc)\n        {{#if customer}}\n\n        {{else}}\n\n        {{/if}}\n        // let customers = JSON.parse({{customer}});\n\n\n    </script>\n</head>\n<body>\n    {{{snippet 'header'}}}\n    <svg data-src=\"{{cdn 'img/icon-sprite.svg'}}\" class=\"icons-svg-sprite\"></svg>\n\n    {{#if settings.privacy_cookie}}\n        {{> components/common/cookie}}\n    {{/if}}\n\n    {{> components/common/header }}\n    {{> components/common/body }}\n    {{> components/common/footer }}\n\n<!-- advqty tip -->\n<div id=\"adv_tip\" class=\"adv_tip\"></div>\n\n<script>window.__webpack_public_path__ = \"{{cdn 'assets/dist/'}}\";</script>\n<script src=\"{{cdn 'assets/dist/theme-bundle.main.js'}}\">\n\n</script>\n\n<script>\n    // Exported in app.js\n    window.stencilBootstrap(\"{{page_type}}\", {{jsContext}}).load();\n</script>\n\n{{{footer.scripts}}}\n{{{snippet 'footer'}}}\n\n</body>\n</html>\n","components/faceted-search/index":"<div id=\"facetedSearch\" class=\"facetedSearch sidebarBlock\">\n    {{> components/faceted-search/selected-facets this.selected}}\n\n    <a href=\"#facetedSearch-navList\" role=\"button\" class=\"facetedSearch-toggle toggleLink\" data-collapsible>\n        <span class=\"facetedSearch-toggle-text\">\n            {{#if facets.length '>' 2}}\n                {{lang 'search.faceted.browse-by'}} {{ join (pluck facets 'title') ', ' limit=2 }} &amp; {{ toLowerCase (lang 'search.faceted.more') }}\n            {{/if}}\n\n            {{#if facets.length '<=' 2}}\n                {{lang 'search.faceted.browse-by'}} {{ join (pluck facets 'title') ', ' lastSeparator=' & ' }}\n            {{/if}}\n        </span>\n\n        <span class=\"facetedSearch-toggle-indicator\">\n            <span class=\"toggleLink-text toggleLink-text--on\">\n                {{lang 'search.faceted.hide-filters'}}\n\n                <i class=\"icon\" aria-hidden=\"true\">\n                    <svg><use xlink:href=\"#icon-keyboard-arrow-up\"/></svg>\n                </i>\n            </span>\n\n            <span class=\"toggleLink-text toggleLink-text--off\">\n                {{lang 'search.faceted.show-filters'}}\n\n                <i class=\"icon\" aria-hidden=\"true\">\n                    <svg><use xlink:href=\"#icon-keyboard-arrow-down\"/></svg>\n                </i>\n            </span>\n        </span>\n    </a>\n\n    {{#any facets visible=true}}\n        <div\n            id=\"facetedSearch-navList\"\n            class=\"facetedSearch-navList blocker-container\">\n            <div class=\"accordion accordion--navList\">\n                {{#each facets}}\n                    {{#if visible}}\n                        {{{dynamicComponent 'components/faceted-search/facets'}}}\n                    {{/if}}\n                {{/each}}\n            </div>\n\n            <div class=\"blocker\" style=\"display: none;\"></div>\n        </div>\n    {{/any}}\n</div>\n","components/category/shop-by-price":"{{#if theme_settings.shop_by_price_visibility}}\n    <div class=\"sidebarBlock\">\n        <h5 class=\"sidebarBlock-heading\">{{lang 'category.shop_by_price'}}</h5>\n        <ul class=\"navList\">\n            {{#each shop_by_price}}\n            <li class=\"navList-item\">\n                <a class=\"navList-action {{#if selected }} is-active {{/if}}\" href=\"{{url}}\" alt=\"{{low.formatted}} - {{high.formatted}}\" title=\"{{low.formatted}} - {{high.formatted}}\">{{low.formatted}} - {{high.formatted}}</a>\n            </li>\n            {{/each}}\n\n            {{#any shop_by_price selected=true}}\n                <li class=\"navList-item\">\n                    <a href=\"{{category_url}}\" class=\"navList-action\">\n                        {{lang 'category.reset'}}\n                    </a>\n                </li>\n            {{/any}}\n        </ul>\n    </div>\n{{/if}}\n","components/products/grid":"\n<ul class=\"productGrid\" b2b-products-gallery>\n    {{#each products}}\n    <li class=\"product\" catalog-product-{{id}}>\n        {{>components/products/card show_compare=../show_compare show_rating=../settings.show_product_rating theme_settings=../theme_settings customer=../customer}}\n    </li>\n    {{/each}}\n</ul>\n","components/products/filter":"<form class=\"actionBar\" method=\"get\" data-sort-by>\n    {{> components/category/sort-box sort=sort}}\n</form>\n","components/products/list":"<ul class=\"productList\" b2b-products-gallery>\n    {{#each products}}\n    <li class=\"product\" catalog-product-{{id}}>\n        {{>components/products/list-item show_compare=../show_compare show_rating=../settings.show_product_rating theme_settings=../theme_settings customer=../customer event=../event settings=../settings position=(add @index 1)}}\n    </li>\n    {{/each}}\n</ul>\n","components/common/paginator":"<div class=\"pagination\">\n    <ul class=\"pagination-list\">\n        {{#if previous}}\n            <li class=\"pagination-item pagination-item--previous\">\n                <a class=\"pagination-link\" href=\"{{previous}}\" {{#unless reload}}data-faceted-search-facet{{/unless}}>\n                    <i class=\"icon\" aria-hidden=\"true\">\n                        <svg>\n                            <use xmlns:xlink=\"http://www.w3.org/1999/xlink\" xlink:href=\"#icon-chevron-left\"></use>\n                        </svg>\n                    </i>\n                    {{lang 'common.previous'}}\n                </a>\n            </li>\n        {{/if}}\n        {{#each links}}\n            {{#if this.number '==' ../current}}\n                <li class=\"pagination-item pagination-item--current\">\n                    <a class=\"pagination-link\" href=\"{{this.url}}\" {{#unless reload}}data-faceted-search-facet{{/unless}}>{{this.number}}</a>\n                </li>\n            {{else}}\n                <li class=\"pagination-item\">\n                    <a class=\"pagination-link\" href=\"{{this.url}}\" {{#unless reload}}data-faceted-search-facet{{/unless}}>{{this.number}}</a>\n                </li>\n            {{/if}}\n        {{/each}}\n\n        {{#if next}}\n            <li class=\"pagination-item pagination-item--next\">\n                <a class=\"pagination-link\" href=\"{{next}}\" {{#unless reload}}data-faceted-search-facet{{/unless}}>\n                    {{lang 'common.next'}}\n                    <i class=\"icon\" aria-hidden=\"true\">\n                        <svg>\n                            <use xmlns:xlink=\"http://www.w3.org/1999/xlink\" xlink:href=\"#icon-chevron-right\"></use>\n                        </svg>\n                    </i>\n                </a>\n            </li>\n        {{/if}}\n    </ul>\n</div>\n","components/common/cookie":"<div class=\"cookieMessage\">\n    <div class=\"cookieMessage-container\">\n        <div class=\"cookieMessage-text\">\n            <p>{{settings.privacy_cookie}}</p>\n        </div>\n        <button class=\"button button--primary button--small\" data-privacy-accept>{{lang 'cookies.accept'}}</button>\n    </div>\n</div>\n","components/common/header":"\n<header class=\"header\" role=\"banner\">\n    <a href=\"#\" class=\"mobileMenu-toggle\" data-mobile-menu-toggle=\"menu\">\n        <span class=\"mobileMenu-toggleIcon\">Toggle menu</span>\n    </a>\n\t<div class=\"hd_cnt\">\n\t\t<div class=\"hd_logo\">\n\t\t\t{{#if page_type '===' 'default'}}\n\t\t\t\t<h1 class=\"header-logo header-logo--{{theme_settings.logo-position}}\">\n\t\t\t\t\t{{> components/common/store-logo}}\n\t\t\t\t</h1>\n\t\t\t{{else}}\n\t\t\t\t<div class=\"header-logo header-logo--{{theme_settings.logo-position}}\">\n\t\t\t\t\t{{> components/common/store-logo}}\n\t\t\t\t</div>\n\t\t\t{{/if}}\n\t\t\t<div class=\"search_cnt\" id=\"quickSearch\" aria-hidden=\"true\" tabindex=\"-1\" data-prevent-quick-search-close>\n\t\t\t\t{{> components/common/quick-search}}\n\t\t\t</div>\n\t\t</div>\n\t\t{{> components/common/navigation}}\n\t</div>\n    {{{region name=\"header_bottom\"}}}\n    <div class=\"navPages-container\" id=\"menu\" data-menu>\n        {{> components/common/navigation-menu}}\n    </div>\n</header>\n{{#if banners.top}}\n<div class=\"banners_top\" data-banner-location=\"top\">\n    {{#each (limit banners.top_metadata 1)}}\n    <div class=\"bannerTop_inr\" data-event-type=\"promotion\" data-entity-id=\"{{this.id}}\" data-name=\"{{this.banner-name}}\" data-position=\"{{this.location}}\" data-banner-id=\"{{this.banner-name}}\">\n        <div data-event-type=\"promotion-click\">\n            {{{this.content}}}\n        </div>\n    </div>\n    {{/each}}\n</div>\n{{/if}}  \n","components/common/body":"<div class=\"body\" data-currency-code=\"{{currency_selector.active_currency_code}}\">\n    {{#block \"hero\"}} {{/block}}\n    <div class=\"container\">\n        {{#block \"page\"}} {{/block}}\n    </div>\n    {{> components/common/modal}}\n    {{> components/common/alert-modal}}\n</div>\n","components/common/footer":"{{#if banners.bottom}}\r\n    {{#if settings.data_tag_enabled}}\r\n        <div class=\"banners_bottom\" data-banner-location=\"bottom\">\r\n            {{#each (limit banners.bottom_metadata 1)}}\r\n                <div class=\"bannerBottom_inr\" data-event-type=\"promotion\" data-entity-id=\"{{this.id}}\" data-name=\"{{this.banner-name}}\" data-position=\"{{this.location}}\" data-name=\"{{this.banner-name}}\">\r\n                    <div data-event-type=\"promotion-click\">\r\n                        {{{this.content}}}\r\n                    </div>\r\n                </div>\r\n            {{/each}}\r\n        </div>\r\n    {{else}}\r\n        <div class=\"banners_bottom\" data-banner-location=\"bottom\">\r\n            <div class=\"bannerBottom_inr\">\r\n                {{{limit banners.bottom 1}}}\r\n            </div>\r\n        </div>\r\n    {{/if}}\r\n\r\n{{/if}}\r\n<footer class=\"footer\" role=\"contentinfo\">\r\n    <div class=\"container\">\r\n        {{#if theme_settings.social_icon_placement_bottom '!==' 'bottom_none'}}\r\n            <article class=\"footer-info-col\r\n                footer-info-col--social\r\n                footer-info-col--{{#if theme_settings.social_icon_placement_bottom '===' 'bottom_left'}}left{{else}}right{{/if}}\"\r\n                data-section-type=\"footer-webPages\">\r\n                    <h5 class=\"footer-info-heading\">{{lang 'social.connect'}}</h5>\r\n                    {{> components/common/social-links}}\r\n            </article>\r\n        {{/if}}\r\n        <section class=\"footer-info\">\r\n            <article class=\"footer-info-col footer-info-col--small\" data-section-type=\"footer-webPages\">\r\n                <h5 class=\"footer-info-heading\">{{lang 'footer.navigate'}}</h5>\r\n                <ul class=\"footer-info-list\">\r\n                    {{#each pages}}\r\n                        <li>\r\n                            <a href=\"{{url}}\">{{name}}</a>\r\n                        </li>\r\n                    {{/each}}\r\n                    <li>\r\n                        <a href=\"{{urls.sitemap}}\">{{lang 'sitemap.page_title'}}</a>\r\n                    </li>\r\n                </ul>\r\n            </article>\r\n\r\n            <article class=\"footer-info-col footer-info-col--small\" data-section-type=\"footer-categories\">\r\n                <h5 class=\"footer-info-heading\">{{lang 'footer.categories'}}</h5>\r\n                <ul class=\"footer-info-list\">\r\n                    {{#each categories}}\r\n                        <li>\r\n                            <a href=\"{{url}}\">{{name}}</a>\r\n                        </li>\r\n                    {{/each}}\r\n                </ul>\r\n            </article>\r\n\r\n            {{#and theme_settings.shop_by_brand_show_footer shop_by_brand.length}}\r\n            <article class=\"footer-info-col footer-info-col--small\" data-section-type=\"footer-brands\">\r\n                <h5 class=\"footer-info-heading\">{{lang 'footer.brands'}}</h5>\r\n                <ul class=\"footer-info-list\">\r\n                    {{#each shop_by_brand}}\r\n                        <li>\r\n                            <a href=\"{{url}}\">{{name}}</a>\r\n                        </li>\r\n                    {{/each}}\r\n                    <li><a href=\"{{urls.brands}}\">{{lang 'common.view_all'}}</a></li>\r\n                </ul>\r\n            </article>\r\n            {{/and}}\r\n\r\n            {{#if settings.address}}\r\n            <article class=\"footer-info-col footer-info-col--small\" data-section-type=\"storeInfo\">\r\n                <h5 class=\"footer-info-heading\">{{lang 'footer.info'}}</h5>\r\n                <address>{{nl2br settings.address}}</address>\r\n                {{#if settings.phone_number}}\r\n                    <strong>{{lang 'footer.call_us' phone_number=settings.phone_number}}</strong>\r\n                {{/if}}\r\n            </article>\r\n            {{/if}}\r\n\r\n            <article class=\"footer-info-col\" data-section-type=\"newsletterSubscription\">\r\n                {{#if settings.show_newsletter_box}}\r\n                    {{> components/common/subscription-form}}\r\n                {{/if}}\r\n                {{> components/common/payment-icons}}\r\n            </article>\r\n        </section>\r\n        {{#if theme_settings.geotrust_ssl_common_name}}\r\n            <div class=\"footer-geotrust-ssl-seal\">\r\n                {{> components/common/geotrust-ssl-seal}}\r\n            </div>\r\n        {{/if}}\r\n        {{#if theme_settings.show_powered_by}}\r\n            <div class=\"footer-copyright\">\r\n                <p class=\"powered-by\">Powered by <a href=\"https://www.bigcommerce.com?utm_source=merchant&amp;utm_medium=poweredbyBC\" rel=\"nofollow\">BigCommerce</a></p>\r\n            </div>\r\n        {{/if}}\r\n        {{#if theme_settings.show_copyright_footer}}\r\n            <div class=\"footer-copyright\">\r\n                <p class=\"powered-by\">&copy; {{moment format=\"YYYY\"}} {{settings.store_name}} </p>\r\n            </div>\r\n        {{/if}}\r\n    </div>\r\n</footer>\r\n\r\n<script src=\"https://ajax.googleapis.com/ajax/libs/jquery/1.7.2/jquery.min.js\" type=\"text/javascript\" ></script>\r\n<script>\r\nfunction myFunction() {\r\n\tvar x = document.getElementById(\"product-listing-container\");\r\n\tx.classList.toggle(\"viewList\");\r\n\tx.classList.toggle(\"viewGrid\");\r\n\tvar y = document.getElementById(\"category-view\");\r\n\ty.classList.toggle(\"textList\");\r\n\ty.classList.toggle(\"textGrid\");\r\n}\r\n</script>\r\n<script>\r\n$('.showmore_btn').live('click', function(){\r\n\t$(this).parent('.subcat_listing').toggleClass('show_cat');\r\n});\r\n</script>\r\n<script>\r\nif ( $(window).width() < 801 ) {\r\n\t$('.sidebarBlock .sidebarBlock-heading').live('click', function(){\r\n\t\t$(this).parent().toggleClass('expanded_cat');\r\n\t});\r\n}\r\n</script>\r\n\r\n<script>\r\n$(document).ready(function(){\r\n\tfilterSubcategories();\r\n});\r\n$('#faceted-search-container').on('DOMSubtreeModified',function(){ \r\n\tsetTimeout(function(){\r\n\t\tfilterSubcategories();\r\n\t\tconsole.log('DOMSubtreeModified');\r\n\t},2500);\r\n}); \r\nfunction filterSubcategories(){\r\n\t$('#subcategory-filters-input').keyup(function() {\r\n\t\tvar subcategory = $(this).val().toLowerCase();\r\n\t\tif (subcategory === \"\") {\r\n\t\t\t$('.subcat_listing .navList > li').show();\r\n\t\t}else\r\n\t\t{\r\n\t\t\t$('.subcat_listing .navList > li').each(function() {\r\n\t\t\t\tvar text = $(this).text().toLowerCase();\r\n\t\t\t\t(text.indexOf(subcategory) >= 0) ? $(this).show() : $(this).hide();\r\n\t\t\t});\r\n\t\t};\r\n\t});\r\n}\r\n</script>\r\n\r\n    \n","components/products/card":"<article class=\"card {{#if alternate}}card--alternate{{/if}}\" {{#if settings.data_tag_enabled}} data-event-type=\"{{event}}\" data-entity-id=\"{{id}}\" data-position=\"{{position}}\" data-name=\"{{name}}\" data-product-category=\"{{#each category}}{{#if @last}}{{this}}{{else}}{{this}}, {{/if}}{{/each}}\" data-product-brand=\"{{brand.name}}\" data-product-price=\"{{#if price.with_tax}}{{price.with_tax.value}}{{else}}{{price.without_tax.value}}{{/if}}\"  {{/if}}>\r\n    <figure class=\"card-figure\">\r\n        {{#or price.non_sale_price_with_tax price.non_sale_price_without_tax}}\r\n            {{#if theme_settings.product_sale_badges '===' 'sash'}}\r\n                <div class=\"sale-flag-sash\">\r\n                    <span class=\"sale-text\">On Sale!</span>\r\n                </div>\r\n            {{else if theme_settings.product_sale_badges '===' 'topleft'}}\r\n                <div class=\"sale-flag-side\">\r\n                    <span class=\"sale-text\">On Sale!</span>\r\n                </div>\r\n            {{else if theme_settings.product_sale_badges '===' 'burst'}}\r\n                <div class=\"starwrap\">\r\n                    <div class=\"sale-text-burst\">On Sale!</div>\r\n                    <div class=\"sale-flag-star\"></div>\r\n                </div>\r\n            {{/if}}\r\n        {{/or}}\r\n        {{#if demo}}\r\n            <div class=\"card-img-container\">\r\n                <img class=\"card-image lazyload\" data-sizes=\"auto\" src=\"{{cdn 'img/loading.svg'}}\" data-src=\"{{getImage image 'productgallery_size' (cdn theme_settings.default_image_product)}}\" alt=\"{{image.alt}}\" title=\"{{image.alt}}\">\r\n            </div>\r\n        {{else}}\r\n            <a href=\"{{url}}\" {{#if settings.data_tag_enabled}} data-event-type=\"product-click\" {{/if}}>\r\n                <div class=\"card-img-container\">\r\n                    <img class=\"card-image lazyload\" data-sizes=\"auto\" src=\"{{cdn 'img/loading.svg'}}\" data-src=\"{{getImage image 'productgallery_size' (cdn theme_settings.default_image_product)}}\" alt=\"{{image.alt}}\" title=\"{{image.alt}}\">\r\n                </div>\r\n            </a>\r\n        {{/if}}\r\n        <figcaption class=\"card-figcaption\">\r\n            <div class=\"card-figcaption-body\">\r\n                {{#unless hide_product_quick_view}}\r\n                    {{#if theme_settings.show_product_quick_view}}\r\n                        {{#unless demo}}\r\n                            {{#if settings.data_tag_enabled}}\r\n                                <a href=\"#\" class=\"button button--small card-figcaption-button quickview\" data-event-type=\"product-click\" data-product-id=\"{{id}}\">{{lang 'products.quick_view'}}</a>\r\n                            {{else}}\r\n                                <a href=\"#\" class=\"button button--small card-figcaption-button quickview\" data-product-id=\"{{id}}\">{{lang 'products.quick_view'}}</a>\r\n                            {{/if}}\r\n                        {{/unless}}\r\n                    {{/if}}\r\n                {{/unless}}\r\n                {{#if show_compare}}\r\n                    <label class=\"button button--small card-figcaption-button\" for=\"compare-{{id}}\">\r\n                        {{lang 'products.compare'}} <input type=\"checkbox\" name=\"products[]\" value=\"{{id}}\" id=\"compare-{{id}}\" data-compare-id=\"{{id}}\">\r\n                    </label>\r\n                {{/if}}\r\n                {{#or customer (if theme_settings.restrict_to_login '!==' true)}}\r\n                    {{#if show_cart_action}}\r\n                        {{#if has_options}}\r\n                            <a href=\"{{url}}\" data-event-type=\"product-click\" class=\"button button--small card-figcaption-button\" data-product-id=\"{{id}}\">{{lang 'products.choose_options'}}</a>\r\n                        {{/if}}\r\n                        {{#if pre_order}}\r\n                            <a href=\"{{pre_order_add_to_cart_url}}\" data-event-type=\"product-click\" class=\"button button--small card-figcaption-button\">{{lang 'products.pre_order'}}</a>\r\n                        {{/if}}\r\n                        {{#if add_to_cart_url }}\r\n                            <a href=\"{{add_to_cart_url}}\" data-event-type=\"product-click\" class=\"button button--small card-figcaption-button\">{{lang 'products.add_to_cart'}}</a>\r\n                        {{/if}}\r\n                        {{#if out_of_stock_message }}\r\n                            <a href=\"{{url}}\" data-event-type=\"product-click\" class=\"button button--small card-figcaption-button\" data-product-id=\"{{id}}\">{{out_of_stock_message}}</a>\r\n                        {{/if}}\r\n                    {{/if}}\r\n                {{/or}}\r\n            </div>\r\n        </figcaption>\r\n    </figure>\r\n    <div class=\"card-body\">\r\n        <h4 class=\"card-title\">\r\n            {{#if demo}}\r\n                {{name}}\r\n            {{else}}\r\n                <a href=\"{{url}}\" {{#if settings.data_tag_enabled}} data-event-type=\"product-click\" {{/if}}>{{name}}</a> \r\n            {{/if}}\r\n        </h4> \r\n        {{#if brand.name}}\r\n            <p class=\"card-text card_brand\" data-test-info-type=\"brandName\">{{brand.name}}</p>\r\n        {{/if}} \r\n\t\t<div class=\"pro_cd_rate\">\r\n\t\t\t{{#if brand.name '===' 'Print.Save.Repeat.'}}\r\n\t\t\t\t\t<img class=\"card-stars\" alt=\"Stars\" src=\"/content/stars_amzn.png\">\r\n\t\t\t\t\t<a href=\"https://www.amazon.com/s/ref=sr_il_ti_merchant-items?me=A92AIFP6FXAA9&amp;fst=as%3Aoff&amp;rh=p_4%3APrint.Save.Repeat.&amp;ie=UTF8&amp;qid=1549466004&amp;lo=merchant-items\" target=\"_blank\">Amazon&nbsp;Ratings</a>\r\n\t\t\t{{/if}}\r\n\t\t</div>\r\n        {{#and rating show_rating}}\r\n            <p class=\"card-text card_rate\" data-test-info-type=\"productRating\">\r\n                <span class=\"rating--small\">\r\n                    {{> components/products/ratings rating=rating}}\r\n                </span>\r\n            </p>\r\n        {{/and}}\r\n        <div class=\"card-text card_price\" data-test-info-type=\"price\">\r\n            {{#or customer (if theme_settings.restrict_to_login '!==' true)}}\r\n                {{> components/products/price price=price}}\r\n            {{else}}\r\n                {{> components/common/login-for-pricing}}\r\n            {{/or}}\r\n        </div>\r\n\t\t{{#if availability}}\r\n\t\t\t<div class=\"card_avblity\">{{availability}}</div>\r\n\t\t{{/if}}\r\n        {{> components/products/bulk-discount-rates}}\r\n    </div>\r\n</article>\r\n    \n","components/category/sort-box":"<fieldset class=\"form-fieldset actionBar-section\">\n    <div class=\"form-field\">\n        <label class=\"form-label\" for=\"sort\">{{lang 'common.sorter.sort_by'}}</label>\n        <select class=\"form-select form-select--small\" name=\"sort\" id=\"sort\">\n            <option value=\"featured\" {{#if sort '==' 'featured'}}selected{{/if}}>{{lang 'common.sorter.featured'}}</option>\n            <option value=\"newest\" {{#if sort '==' 'newest'}}selected{{/if}}>{{lang 'common.sorter.newest'}}</option>\n            <option value=\"bestselling\" {{#if sort '==' 'bestselling'}}selected{{/if}}>{{lang 'common.sorter.top_sellers'}}</option>\n            <option value=\"alphaasc\" {{#if sort '==' 'alphaasc'}}selected{{/if}}>{{lang 'common.sorter.alpha_asc'}}</option>\n            <option value=\"alphadesc\" {{#if sort '==' 'alphadesc'}}selected{{/if}}>{{lang 'common.sorter.alpha_desc'}}</option>\n            <option value=\"avgcustomerreview\" {{#if sort '==' 'avgcustomerreview'}}selected{{/if}}>{{lang 'common.sorter.reviews'}}</option>\n            <option value=\"priceasc\" {{#if sort '==' 'priceasc'}}selected{{/if}}>{{lang 'common.sorter.price_asc'}}</option>\n            <option value=\"pricedesc\" {{#if sort '==' 'pricedesc'}}selected{{/if}}>{{lang 'common.sorter.price_desc'}}</option>\n            {{#if result_count}}\n                <option value=\"relevance\" {{#if sort '==' 'relevance'}}selected{{/if}}>{{lang 'common.sorter.relevance'}}</option>\n            {{/if}}\n        </select>\n    </div>\n</fieldset>\n\n","components/products/list-item":"{{#if settings.data_tag_enabled}}\n    <article class=\"listItem\" data-event-type=\"{{event}}\" data-entity-id=\"{{id}}\" data-position=\"{{position}}\" data-name=\"{{name}}\" data-product-category=\"{{#each category}}{{#if @last}}{{this}}{{else}}{{this}}, {{/if}}{{/each}}\" data-product-brand=\"{{brand.name}}\" data-product-price=\"{{#if price.with_tax}}{{price.with_tax.value}}{{else}}{{price.without_tax.value}}{{/if}}\">\n{{else}}\n    <article class=\"listItem\">\n{{/if}}\n    <figure class=\"listItem-figure\">\n        <img class=\"listItem-image lazyload\" data-sizes=\"auto\" src=\"{{cdn 'img/loading.svg'}}\" data-src=\"{{getImage image 'productgallery_size' (cdn theme_settings.default_image_product)}}\" alt=\"{{image.alt}}\" title=\"{{image.alt}}\">\n        {{#unless hide_product_quick_view}}\n            {{#if theme_settings.show_product_quick_view}}\n                <div class=\"listItem-figureBody\">\n                    <a href=\"#\" {{#if settings.data_tag_enabled}} data-event-type=\"product-click\" {{/if}} class=\"button button--small listItem-button quickview\" data-product-id=\"{{id}}\">{{lang 'products.quick_view'}}</a>\n                </div>\n            {{/if}}\n        {{/unless}}\n    </figure>\n    <div class=\"listItem-body\">\n        <div class=\"listItem-content\">\n            <div class=\"listItem-details\">\n                {{#if show_rating}}\n                    <p class=\"listItem-rating\">{{> components/products/ratings rating=rating}}</p>\n                {{/if}}\n                {{#if brand.name}}\n                <p class=\"listItem-brand\">{{brand.name}}</p>\n                {{/if}}\n                <h4 class=\"listItem-title\">\n                    <a href=\"{{url}}\" {{#if settings.data_tag_enabled}} data-event-type=\"product-click\" {{/if}}>{{name}}</a>\n                </h4>\n                {{#if summary}}\n                    <p>{{{summary}}}</p>\n                {{/if}}\n            </div>\n            <div class=\"listItem-actions\">\n                {{#or customer (if theme_settings.restrict_to_login '!==' true)}}\n                    {{#if price}}\n                        <div class=\"listItem-price\">{{> components/products/price price=price}}</div>\n                    {{/if}}\n                    {{#if show_cart_action}}\n                        {{#if has_options}}\n                            <a href=\"{{url}}\" {{#if settings.data_tag_enabled}} data-event-type=\"product-click\" {{/if}} class=\"button button--small\" data-product-id=\"{{id}}\">{{lang 'products.choose_options'}}</a>\n                        {{/if}}\n                        {{#if pre_order}}\n                            <a href=\"{{pre_order_add_to_cart_url}}\" data-event-type=\"product-click\" class=\"button button--primary\">{{lang 'products.pre_order'}}</a>\n                        {{/if}}\n                        {{#if add_to_cart_url }}\n                            <a href=\"{{add_to_cart_url}}\" {{#if settings.data_tag_enabled}} data-event-type=\"product-click\" {{/if}} class=\"button button--primary\">{{lang 'products.add_to_cart'}}</a>\n                        {{/if}}\n                        {{#if out_of_stock_message }}\n                            <a href=\"{{url}}\" data-event-type=\"product-click\" class=\"button button--small\" data-product-id=\"{{id}}\">{{out_of_stock_message}}</a>\n                        {{/if}}\n                    {{/if}}\n                {{else}}\n                    {{> components/common/login-for-pricing}}\n                {{/or}}\n                {{#if show_compare}}\n                    <label class=\"button button--small\" for=\"compare-{{id}}\">\n                        {{lang \"products.compare\"}} <input type=\"checkbox\" name=\"products[]\" value=\"{{id}}\" id=\"compare-{{id}}\" data-compare-id=\"{{id}}\">\n                    </label>\n                {{/if}}\n            </div>\n        </div>\n    </div>\n</article>\n","components/common/quick-search":"<div class=\"container\">\n    {{{ snippet \"forms_search\"}}}\n    <form class=\"form\" id=\"b2b_search_form\" action=\"{{urls.search}}\">\n        <fieldset class=\"form-fieldset\">\n            <div class=\"form-field\">\n                <label class=\"is-srOnly\" for=\"search_query\">{{lang \"search.quick_search.input_label\"}}</label>\n                <input class=\"form-input\" data-search-quick name=\"search_query\" id=\"search_query\" data-error-message=\"{{lang 'search.error.empty_field'}}\" onblur=\"if (this.value == '') {this.value = 'What can we help you find?';}\" onfocus=\"if (this.value == 'What can we help you find?') {this.value = '';}\" value=\"What can we help you find?\" autocomplete=\"off\">\n\t\t\t\t<input class=\"search_btn button\" type=\"submit\" value=\"\">\n            </div>\n        </fieldset>\n    </form>\n    <section class=\"quickSearchResults\" data-bind=\"html: results\"></section>\n</div>\n","components/common/store-logo":"<a href=\"{{urls.home}}\">\n    {{#if settings.store_logo.image}}\n        {{#if theme_settings.logo_size '===' 'original'}}\n            <img class=\"header-logo-image-unknown-size\" src=\"{{getImage settings.store_logo.image 'logo_size'}}\" alt=\"{{settings.store_logo.title}}\" title=\"{{settings.store_logo.title}}\">\n        {{else}}\n            <div class=\"header-logo-image-container\">\n                <img class=\"header-logo-image\" src=\"{{getImage settings.store_logo.image 'logo_size'}}\" alt=\"{{settings.store_logo.title}}\" title=\"{{settings.store_logo.title}}\">\n            </div>\n        {{/if}}\n    {{else}}\n        <span class=\"header-logo-text\">{{settings.store_logo.title}}</span>\n    {{/if}}\n</a>\n","components/common/navigation":"<nav class=\"navUser\">\n    {{> components/common/currency-selector}}\n\n    <ul class=\"navUser-section navUser-section--alt\">\n        {{#if customer.store_credit.value '>' 0}}\n            <li class=\"navUser-item\">\n                <a class=\"navUser-action navUser-action--storeCredit\"\n                   data-dropdown=\"storeCredit-dropdown\"\n                   data-options=\"align:bottom\"\n                   href=\"{{urls.cart}}\">\n                        <span class=\"navUser-action-divider\">{{lang 'common.store_credit_overview' credit=customer.store_credit.formatted}}</span>\n                </a>\n                <div class=\"dropdown-menu\" id=\"storeCredit-dropdown\" data-dropdown-content aria-hidden=\"true\">\n                    {{{lang 'common.store_credit' store_credit=customer.store_credit.formatted}}}\n                </div>\n            </li>\n        {{/if}}\n        <li class=\"navUser-item\">\n            <a class=\"navUser-action navUser-item--compare\" href=\"{{urls.compare}}\" data-compare-nav>{{lang 'common.compare'}} <span class=\"countPill countPill--positive countPill--alt\"></span></a>\n        </li>\n        {{#if theme_settings.social_icon_placement_top}}\n            <li class=\"navUser-item navUser-item--social\">\n                {{> components/common/social-links}}\n            </li>\n            <li class=\"navUser-item navUser-item--divider\">|</li>\n        {{/if}}\n        {{#if settings.gift_certificates_enabled}}\n            <li class=\"navUser-item\">\n                <a class=\"navUser-action\" href=\"{{urls.gift_certificate.purchase}}\">{{lang 'common.gift_cert'}}</a>\n            </li>\n        {{/if}}\n        <li class=\"navUser-item navUser-item--account\">\n            {{#if customer}}\n                <a class=\"navUser-action\" href=\"{{urls.account.index}}\">Account</a>\n                <a class=\"navUser-action\" href=\"{{urls.auth.logout}}\">{{lang 'common.logout'}}</a>\n            {{else}}\n                <a class=\"navUser-action\" href=\"{{urls.auth.login}}\">{{lang 'common.login'}}</a>\n            {{/if}}\n        </li>\n        <li class=\"navUser-item navUser-item--cart cart_cnt\">\n            <a\n                class=\"navUser-action\"\n                data-cart-preview\n                data-dropdown=\"cart-preview-dropdown\"\n                data-options=\"align:right\"\n                href=\"{{urls.cart}}\">\n                <span class=\"navUser-item-cartLabel\">{{lang 'common.cart'}}</span> <span class=\"countPill cart-quantity\"></span>\n            </a>\n\n            <div class=\"dropdown-menu\" id=\"cart-preview-dropdown\" data-dropdown-content aria-hidden=\"true\"></div>\n        </li>\n    </ul>\n</nav>\n  \n","components/common/modal":"<div id=\"modal\" class=\"modal\" data-reveal data-prevent-quick-search-close>\n    <a href=\"#\" class=\"modal-close\" aria-label=\"{{lang 'common.close'}}\" role=\"button\">\n        <span aria-hidden=\"true\">&#215;</span>\n    </a>\n    <div class=\"modal-content\"></div>\n    <div class=\"loadingOverlay\"></div>\n</div>\n","components/common/navigation-menu":"<nav class=\"navPages\">\n    <div class=\"navPages-quickSearch\">\n        {{> components/common/quick-search}}\n    </div>\n    <ul class=\"navPages-list{{#if theme_settings.navigation_design '!==' 'simple'}} navPages-list-depth-max{{/if}}\">\n        {{#each categories}}\n            <li class=\"navPages-item\">\n            {{#if ../theme_settings.navigation_design '===' 'simple'}}\n                {{> components/common/navigation-list}}\n            {{/if}}\n            {{#if ../theme_settings.navigation_design '===' 'alternate'}}\n                {{> components/common/navigation-list-alternate}}\n            {{/if}}\n            </li>\n        {{/each}}\n        {{#unless theme_settings.hide_content_navigation}}\n            {{#each pages}}\n                 <li class=\"navPages-item navPages-item-page\">\n                     <a class=\"navPages-action{{#if name '==' ../page.title}} activePage{{/if}}\" href=\"{{url}}\">{{name}}</a>\n                 </li>\n             {{/each}}\n        {{/unless}}\n    </ul>\n    <ul class=\"navPages-list navPages-list--user\">\n        {{#if currency_selector.currencies.length '>' 1}}\n            <li class=\"navPages-item\">\n                <a class=\"navPages-action has-subMenu\" href=\"#\" data-collapsible=\"navPages-currency\" aria-controls=\"navPages-currency\" aria-expanded=\"false\">\n                    {{lang 'common.currency' code=currency_selector.active_currency_code}} <i class=\"icon navPages-action-moreIcon\" aria-hidden=\"true\"><svg><use xmlns:xlink=\"http://www.w3.org/1999/xlink\" xlink:href=\"#icon-chevron-down\"></use></svg></i>\n                </a>\n                <div class=\"navPage-subMenu\" id=\"navPages-currency\" aria-hidden=\"true\" tabindex=\"-1\">\n                    <ul class=\"navPage-subMenu-list\">\n                        {{#each currency_selector.currencies}}\n                        <li class=\"navPage-subMenu-item\">\n                            <a class=\"navPage-subMenu-action navPages-action\" href=\"{{{switch_url}}}\">\n                                {{#if is_active}}\n                                    <strong>{{name}}</strong>\n                                {{else}}\n                                    {{name}}\n                                {{/if}}\n                            </a>\n                        </li>\n                        {{/each}}\n                    </ul>\n                </div>\n            </li>\n        {{/if}}\n        {{#if settings.gift_certificates_enabled}}\n            <li class=\"navPages-item\">\n                <a class=\"navPages-action\" href=\"{{urls.gift_certificate.purchase}}\">{{lang 'common.gift_cert'}}</a>\n            </li>\n        {{/if}}\n        {{#if customer.store_credit.value '>' 0}}\n            <li class=\"navPages-item\">\n                <a class=\"navPages-action navPages-action--storeCredit\">\n                    {{lang 'common.store_credit_overview' credit=customer.store_credit.formatted}}\n                </a>\n            </li>\n        {{/if}}\n        {{#if theme_settings.product_list_display_mode '==' 'list'}}\n            <li class=\"navPages-item\">\n                <a class=\"navPages-action navPages-action--compare\" href=\"{{urls.compare}}\" data-compare-nav>{{lang 'common.compare'}} <span class=\"countPill countPill--positive countPill--alt\"></span></a>\n            </li>\n        {{/if}}\n        {{#if customer}}\n            <li class=\"navPages-item\">\n                <a class=\"navPages-action has-subMenu\" href=\"{{urls.account.index}}\" data-collapsible=\"navPages-account\">\n                    {{lang 'common.account'}} <i class=\"icon navPages-action-moreIcon\" aria-hidden=\"true\"><svg><use xlink:href=\"#icon-chevron-down\" /></svg></i>\n                </a>\n                <div class=\"navPage-subMenu\" id=\"navPages-account\" aria-hidden=\"true\" tabindex=\"-1\">\n                    <ul class=\"navPage-subMenu-list\">\n                        <li class=\"navPage-subMenu-item\">\n                            <a class=\"navPage-subMenu-action navPages-action\" href=\"{{urls.account.orders.all}}\">{{lang 'account.nav.orders'}}</a>\n                        </li>\n                        {{#if settings.returns_enabled}}\n                            <li class=\"navPage-subMenu-item\">\n                                <a class=\"navPage-subMenu-action navPages-action\" href=\"{{urls.account.returns}}\">{{lang 'account.nav.returns'}}</a>\n                            </li>\n                        {{/if}}\n                        <li class=\"navPage-subMenu-item\">\n                            <a class=\"navPage-subMenu-action navPages-action\" href=\"{{urls.account.inbox}}\">{{lang 'account.mobile_nav.messages'}}</a>\n                        </li>\n                        <li class=\"navPage-subMenu-item\">\n                            <a class=\"navPage-subMenu-action navPages-action\" href=\"{{urls.account.addresses}}\">{{lang 'account.nav.addresses'}}</a>\n                        </li>\n                        {{#if settings.show_payment_methods}}\n                            <li class=\"navPage-subMenu-item\">\n                                <a class=\"navPage-subMenu-action navPages-action\" href=\"{{urls.account.payment_methods.all}}\">{{lang 'account.nav.payment_methods'}}</a>\n                            </li>\n                        {{/if}}\n                        <li class=\"navPage-subMenu-item\">\n                            <a class=\"navPage-subMenu-action navPages-action\" href=\"{{urls.account.wishlists.all}}\">{{lang 'account.mobile_nav.wishlists'}}</a>\n                        </li>\n                        <li class=\"navPage-subMenu-item\">\n                            <a class=\"navPage-subMenu-action navPages-action\" href=\"{{urls.account.recent_items}}\">{{lang 'account.nav.recently_viewed'}}</a>\n                        </li>\n                        <li class=\"navPage-subMenu-item\">\n                            <a class=\"navPage-subMenu-action navPages-action\" href=\"{{urls.account.details}}\">{{lang 'account.nav.settings'}}</a>\n                        </li>\n                    </ul>\n                </div>\n            </li>\n            <li class=\"navPages-item\">\n                <a class=\"navPages-action\" href=\"{{urls.auth.logout}}\">{{lang 'common.logout'}}</a>\n            </li>\n        {{else}}\n            <li class=\"navPages-item\">\n                <a class=\"navPages-action\" href=\"{{urls.auth.login}}\">{{lang 'common.login'}}</a>\n                {{#if settings.account_creation_enabled}}\n                    {{lang 'common.or'}} <a class=\"navPages-action\" href=\"{{urls.auth.create_account}}\">{{lang 'common.sign_up'}}</a>\n                {{/if}}\n            </li>\n        {{/if}}\n        {{#if theme_settings.social_icon_placement_top}}\n            <li class=\"navPages-item\">\n                {{> components/common/social-links}}\n            </li>\n        {{/if}}\n    </ul>\n</nav>\n","components/common/alert-modal":"<div id=\"alert-modal\" class=\"modal modal--alert modal--small\" data-reveal data-prevent-quick-search-close>\n    <div class=\"swal2-icon swal2-error swal2-animate-error-icon\"><span class=\"swal2-x-mark swal2-animate-x-mark\"><span class=\"swal2-x-mark-line-left\"></span><span class=\"swal2-x-mark-line-right\"></span></span></div>\n\n    <div class=\"modal-content\"></div>\n\n    <div class=\"button-container\"><button type=\"button\" class=\"confirm button\" data-reveal-close>OK</button></div>\n</div>\n","components/common/social-links":"{{#if social_media}}\n    <ul class=\"socialLinks socialLinks--alt\">\n        {{#each social_media}}\n            <li class=\"socialLinks-item\">\n                {{#if display_name '===' 'google+'}}\n                    <a class=\"icon icon--google\" href=\"{{url}}\" target=\"_blank\">\n                        <svg><use xlink:href=\"#icon-google\" /></svg>\n                    </a>\n                {{else}}\n                    <a class=\"icon icon--{{display_name}}\" href=\"{{url}}\" target=\"_blank\">\n                        <svg><use xlink:href=\"#icon-{{display_name}}\" /></svg>\n                    </a>\n                {{/if}}\n            </li>\n        {{/each}}\n    </ul>\n{{/if}}\n","components/common/subscription-form":"<h5 class=\"footer-info-heading\">{{lang 'newsletter.subscribe'}}</h5>\n<p>{{lang 'newsletter.subscribe_intro'}}</p>\n\n<form class=\"form\" action=\"{{urls.subscribe.action}}\" method=\"post\">\n    <fieldset class=\"form-fieldset\">\n        <input type=\"hidden\" name=\"action\" value=\"subscribe\">\n        <input type=\"hidden\" name=\"nl_first_name\" value=\"bc\">\n        <input type=\"hidden\" name=\"check\" value=\"1\">\n        <div class=\"form-field\">\n            <label class=\"form-label is-srOnly\" for=\"nl_email\">{{lang 'common.email_address'}}</label>\n            <div class=\"form-prefixPostfix wrap\">\n                <input class=\"form-input\" id=\"nl_email\" name=\"nl_email\" type=\"email\" value=\"{{customer.email}}\" placeholder=\"{{lang 'newsletter.email_placeholder'}}\">\n                <input class=\"button button--primary form-prefixPostfix-button--postfix\" type=\"submit\" value=\"{{lang 'newsletter.subscribe_submit'}}\">\n            </div>\n            {{#if settings.show_newsletter_summary }}\n                <div class=\"footer-newsletter-summary\">{{settings.newsletter_summary}}</div>\n            {{/if}}\n        </div>\n    </fieldset>\n</form>\n","components/common/payment-icons":"{{#with theme_settings}}\n    {{#or show_accept_amex show_accept_discover show_accept_mastercard show_accept_paypal show_accept_visa}}\n        <div class=\"footer-payment-icons\">\n            {{#if show_accept_amex}}\n                <svg class=\"footer-payment-icon\"><use xlink:href=\"#icon-logo-american-express\"></use></svg>\n            {{/if}}\n            {{#if show_accept_discover}}\n                <svg class=\"footer-payment-icon\"><use xlink:href=\"#icon-logo-discover\"></use></svg>\n            {{/if}}\n            {{#if show_accept_mastercard}}\n                <svg class=\"footer-payment-icon\"><use xlink:href=\"#icon-logo-mastercard\"></use></svg>\n            {{/if}}\n            {{#if show_accept_paypal}}\n                <svg class=\"footer-payment-icon\"><use xlink:href=\"#icon-logo-paypal\"></use></svg>\n            {{/if}}\n            {{#if show_accept_visa}}\n                <svg class=\"footer-payment-icon\"><use xlink:href=\"#icon-logo-visa\"></use></svg>\n            {{/if}}\n        </div>\n    {{/or}}\n{{/with}}\n","components/common/geotrust-ssl-seal":"<table width=\"135\" border=\"0\" cellpadding=\"2\" cellspacing=\"0\" title=\"Click to Verify - This site chose GeoTrust SSL for secure e-commerce and confidential communications.\">\n    <tr>\n        <td width=\"135\" align=\"center\" valign=\"top\">\n            <script type=\"text/javascript\" src=\"https://seal.geotrust.com/getgeotrustsslseal?host_name={{theme_settings.geotrust_ssl_common_name}}&amp;size={{theme_settings.geotrust_ssl_seal_size}}&amp;lang={{locale_name}}\"></script><br />\n            <a href=\"http://www.geotrust.com/ssl/\" target=\"_blank\"  style=\"color:#000000; text-decoration:none; font:bold 7px verdana,sans-serif; letter-spacing:.5px; text-align:center; margin:0px; padding:0px;\"></a>\n        </td>\n    </tr>\n</table>\n","components/faceted-search/selected-facets":"<div class=\"facetedSearch-refineFilters sidebarBlock\">\n    <h5 class=\"sidebarBlock-heading\">\n        {{lang 'search.faceted.selected.title'}}\n    </h5>\n\n    {{#if this.items}}\n        <ul class=\"inlineList inlineList--labels\">\n            {{#each this.items}}\n                <li>\n                    <a\n                        href=\"{{ url }}\"\n                        class=\"facetLabel\"\n                        rel=\"nofollow\"\n                        data-faceted-search-facet>\n                        {{#if facet '===' 'rating'}}\n                            {{lang 'search.faceted.selected.rating-label' rating=title}}\n                        {{else}}\n                            {{ title }}\n                        {{/if}}\n\n                        <svg class=\"icon\">\n                            <use xlink:href=\"#icon-close\" />\n                        </svg>\n                    </a>\n                </li>\n            {{/each}}\n        </ul>\n    {{else}}\n        {{lang 'search.faceted.selected.no-filters'}}\n    {{/if}}\n\n    {{#if remove_all_url}}\n        <a href=\"{{ remove_all_url }}\" data-faceted-search-facet>\n            {{lang 'search.faceted.selected.clear-all'}}\n        </a>\n    {{/if}}\n</div>\n","components/faceted-search/facets/hierarchy":"{{#if items}}\n<div class=\"accordion-block\">\n    <div\n        class=\"accordion-navigation toggleLink {{#unless ../start_collapsed }} is-open {{/unless}}\"\n        role=\"button\"\n        data-collapsible=\"#facetedSearch-content--{{hyphenate facet }}\">\n        <h5 class=\"accordion-title\">\n            {{ title }}\n        </h5>\n\n        <div class=\"accordion-navigation-actions\">\n            {{#if selected}}\n                <a href=\"{{ remove_url }}\" class=\"facetedSearch-clearLink\" data-faceted-search-facet>{{lang 'search.faceted.clear'}}</a>\n            {{/if}}\n            <svg class=\"icon accordion-indicator toggleLink-text toggleLink-text--off\">\n                <use xlink:href=\"#icon-add\" />\n            </svg>\n            <svg class=\"icon accordion-indicator toggleLink-text toggleLink-text--on\">\n                <use xlink:href=\"#icon-remove\" />\n            </svg>\n        </div>\n    </div>\n\n    <div id=\"facetedSearch-content--{{hyphenate facet }}\" class=\"accordion-content {{#unless ../start_collapsed }} is-open {{/unless}}\">\n        <ul id=\"facetedSearch-navList--{{hyphenate facet }}\" class=\"navList\" data-facet=\"{{facet}}\" data-has-more-results=\"{{ has_more_results }}\">\n            {{#each items}}\n                <li class=\"navList-item\">\n                    <a\n                        href=\"{{ url }}\"\n                        class=\"navList-action navList-action--checkbox {{#if selected }} is-selected {{/if}} {{#if has_sub_categories }} has-children {{/if}}\"\n                        rel=\"nofollow\"\n                        data-id=\"{{ id }}\"\n                        data-faceted-search-facet>\n                        {{ title }}\n                        {{#if ../show_product_counts}}\n                            {{#if count}}\n                                <span>({{ count }})</span>\n                            {{/if}}\n                        {{/if}}\n                    </a>\n                    {{#if children}}\n                        {{> components/faceted-search/facets/hierarchy-children children}}\n                    {{/if}}\n                </li>\n            {{/each}}\n        </ul>\n\n        {{#if show_more_toggle}}\n            <a href=\"#facetedSearch-navList--{{hyphenate facet }}\" role=\"button\" class=\"toggleLink\">\n                <span class=\"toggleLink-text toggleLink-text--off\">{{lang 'search.faceted.show-more'}}</span>\n            </a>\n        {{/if}}\n    </div>\n</div>\n{{/if}}\n","components/faceted-search/facets/hierarchy-children":"<ul class=\"navList navList--inner\">\n    {{#each this}}\n        <li class=\"navList-item\">\n            <a\n            href=\"{{url}}\"\n            class=\"navList-action navList-action--checkbox {{#if selected }} is-selected {{/if}} {{#if has_sub_categories }} has-children {{/if}}\"\n            rel=\"nofollow\"\n            data-id=\"{{ id }}\"\n            data-faceted-search-facet>\n                {{title}}\n                {{#if ../show_product_counts}}\n                    {{#if count}}\n                        <span>({{count}})</span>\n                    {{/if}}\n                {{/if}}\n            </a>\n            {{#if children}}\n                {{> components/faceted-search/facets/hierarchy-children children}}\n            {{/if}}\n        </li>\n    {{/each}}\n</ul>\n","components/faceted-search/facets/multi":"{{#if items}}\n<div class=\"accordion-block\">\n    <div\n        class=\"accordion-navigation toggleLink {{#unless ../start_collapsed }} is-open {{/unless}}\"\n        role=\"button\"\n        data-collapsible=\"#facetedSearch-content--{{hyphenate facet }}\">\n        <h5 class=\"accordion-title\">\n            {{ title }}\n        </h5>\n\n        <div class=\"accordion-navigation-actions\">\n            {{#if selected}}\n                <a href=\"{{ remove_url }}\" class=\"facetedSearch-clearLink\" data-faceted-search-facet>{{lang 'search.faceted.clear'}}</a>\n            {{/if}}\n            <svg class=\"icon accordion-indicator toggleLink-text toggleLink-text--off\">\n                <use xlink:href=\"#icon-add\" />\n            </svg>\n            <svg class=\"icon accordion-indicator toggleLink-text toggleLink-text--on\">\n                <use xlink:href=\"#icon-remove\" />\n            </svg>\n        </div>\n    </div>\n\n    <div id=\"facetedSearch-content--{{hyphenate facet }}\" class=\"accordion-content {{#unless ../start_collapsed }} is-open {{/unless}}\">\n        <ul id=\"facetedSearch-navList--{{hyphenate facet }}\" data-facet=\"{{facet}}\" class=\"navList\" data-has-more-results=\"{{ has_more_results }}\">\n            {{#each items}}\n                <li class=\"navList-item\">\n                    <a\n                        href=\"{{ url }}\"\n                        class=\"navList-action navList-action--checkbox {{#if selected }} is-selected {{/if}}\"\n                        rel=\"nofollow\"\n                        data-faceted-search-facet>\n                        {{ title }}\n                        {{#if ../show_product_counts}}\n                            <span>({{ count }})</span>\n                        {{/if}}\n\n                        <span class=\"navList-action-close\" aria-hidden=\"true\">\n                            <svg class=\"icon\">\n                                <use xlink:href=\"#icon-close\"/>\n                            </svg>\n                        </span>\n                    </a>\n                </li>\n            {{/each}}\n        </ul>\n\n        {{#if show_more_toggle}}\n            <a href=\"#facetedSearch-navList--{{hyphenate facet }}\" role=\"button\" class=\"toggleLink\">\n                <span class=\"toggleLink-text toggleLink-text--off\">{{lang 'search.faceted.show-more'}}</span>\n            </a>\n        {{/if}}\n    </div>\n</div>\n{{/if}}\n","components/faceted-search/facets/range":"<div class=\"accordion-block\">\n    <div\n        class=\"accordion-navigation toggleLink {{#unless ../start_collapsed }} is-open {{/unless}}\"\n        role=\"button\"\n        data-collapsible=\"#facetedSearch-content--{{hyphenate facet }}\">\n        <h5 class=\"accordion-title\">\n            {{ title }}\n        </h5>\n\n        <div class=\"accordion-navigation-actions\">\n            {{#if selected}}\n                <a href=\"{{ remove_url }}\" class=\"facetedSearch-clearLink\" data-faceted-search-facet>{{lang 'search.faceted.clear'}}</a>\n            {{/if}}\n            <svg class=\"icon accordion-indicator toggleLink-text toggleLink-text--off\">\n                <use xlink:href=\"#icon-add\" />\n            </svg>\n            <svg class=\"icon accordion-indicator toggleLink-text toggleLink-text--on\">\n                <use xlink:href=\"#icon-remove\" />\n            </svg>\n        </div>\n    </div>\n\n    <div id=\"facetedSearch-content--{{hyphenate facet }}\" class=\"accordion-content {{#unless ../start_collapsed }} is-open {{/unless}}\">\n        <form id=\"facet-range-form\" class=\"form\" method=\"get\" data-faceted-search-range novalidate>\n            {{#each current_selected_items}}\n                <input type=\"hidden\" name=\"{{ param_name }}[]\" value=\"{{ param_value }}\"/>\n            {{/each}}\n            <input type=\"hidden\" name=\"search_query\" value=\"{{search_query}}\">\n            {{#if this.sort}}\n                <input type=\"hidden\" name=\"sort\" value={{this.sort}}>\n            {{/if}}\n            <fieldset class=\"form-fieldset\">\n                <div class=\"form-minMaxRow\">\n                    <div class=\"form-field\">\n                        <input\n                            name=\"min_price\"\n                            placeholder=\"{{lang 'search.faceted.range.min-placeholder'}}\"\n                            min=\"0\"\n                            class=\"form-input form-input--small\"\n                            required\n                            type=\"number\"\n                            value=\"{{ min_price }}\"\n                        />\n                    </div>\n\n                    <div class=\"form-field\">\n                        <input\n                            name=\"max_price\"\n                            placeholder=\"{{lang 'search.faceted.range.max-placeholder'}}\"\n                            min=\"0\"\n                            class=\"form-input form-input--small\"\n                            required\n                            type=\"number\"\n                            value=\"{{ max_price }}\"\n                        />\n                    </div>\n\n                    <div class=\"form-field\">\n                        <button class=\"button button--small\" type=\"submit\">\n                            {{lang 'search.faceted.range.update'}}\n                        </button>\n                    </div>\n                </div>\n\n                <div class=\"form-inlineMessage\"></div>\n            </fieldset>\n        </form>\n    </div>\n</div>\n","components/faceted-search/facets/rating":"{{#if items}}\n<div class=\"accordion-block\">\n    <div\n        class=\"accordion-navigation toggleLink {{#unless ../start_collapsed }} is-open {{/unless}}\"\n        role=\"button\"\n        data-collapsible=\"#facetedSearch-content--{{hyphenate facet }}\">\n        <h5 class=\"accordion-title\">\n            {{ title }}\n        </h5>\n\n        <div class=\"accordion-navigation-actions\">\n            {{#if selected}}\n                <a href=\"{{ remove_url }}\" class=\"facetedSearch-clearLink\" data-faceted-search-facet>{{lang 'search.faceted.clear'}}</a>\n            {{/if}}\n            <svg class=\"icon accordion-indicator toggleLink-text toggleLink-text--off\">\n                <use xlink:href=\"#icon-add\" />\n            </svg>\n            <svg class=\"icon accordion-indicator toggleLink-text toggleLink-text--on\">\n                <use xlink:href=\"#icon-remove\" />\n            </svg>\n        </div>\n    </div>\n\n    <div id=\"facetedSearch-content--{{hyphenate facet }}\" class=\"accordion-content facetedSearch-content--{{hyphenate facet}} {{#unless ../start_collapsed }} is-open {{/unless}}\">\n        <ul class=\"navList\">\n            {{#each items}}\n                <li class=\"navList-item\">\n                    <a href=\"{{ url }}\"\n                       class=\"navList-action {{#if selected }} is-selected {{/if}}\"\n                       rel=\"nofollow\"\n                       data-faceted-search-facet>\n                        <span class=\"rating--small\">\n                            {{> components/products/ratings rating=title}}\n                        </span>\n                        {{lang 'search.faceted.rating.and-up'}}\n                        {{#if ../show_product_counts}}\n                            <span>({{ count }})</span>\n                        {{/if}}\n                    </a>\n                </li>\n            {{/each}}\n        </ul>\n    </div>\n</div>\n{{/if}}\n","components/products/ratings":"{{#for 1 5}}\n    {{#if ../this.rating '>=' $index}}\n        <span class=\"icon icon--ratingFull\">\n            <svg>\n                <use xlink:href=\"#icon-star\" />\n            </svg>\n        </span>\n    {{else}}\n        <span class=\"icon icon--ratingEmpty\">\n            <svg>\n                <use xlink:href=\"#icon-star\" />\n            </svg>\n        </span>\n    {{/if}}\n{{/for}}\n{{{snippet 'product_rating'}}}\n","components/products/price":"{{!-- There are 2 code paths for generating the PDP pricing HTML determined by the following #and condition. \r\nIf a 'price_range' exists then we generate all HTML in price-range.html, otherwise it is defined here. Both code\r\npaths generate the same HTML structure with some differences in whether that element is displayed by default (css styling).\r\n\r\nIf you are making a change here or in price-range.html, you probably want to make that change in both files. --}}\r\n\r\n{{#and price.price_range (if theme_settings.price_ranges '==' true)}}\r\n    {{> components/products/price-range price=price schema_org=schema_org}}\r\n{{else}}\r\n    {{#if price.with_tax}}\r\n        <div class=\"price-section price-section--withTax rrp-price--withTax\" {{#unless price.rrp_with_tax}}style=\"display: none;\"{{/unless}}>\r\n            {{theme_settings.pdp-retail-price-label}}\r\n            <span data-product-rrp-with-tax class=\"price price--rrp\">\r\n                {{price.rrp_with_tax.formatted}}\r\n            </span>\r\n        </div>\r\n        <div class=\"price-section price-section--withTax non-sale-price--withTax\" {{#unless price.non_sale_price_with_tax}}style=\"display: none;\"{{/unless}}>\r\n            {{theme_settings.pdp-non-sale-price-label}}\r\n            <span data-product-non-sale-price-with-tax class=\"price price--non-sale\">\r\n                {{price.non_sale_price_with_tax.formatted}}\r\n            </span>\r\n        </div>\r\n        <div class=\"price-section price-section--withTax\" {{#if schema_org}}itemprop=\"offers\" itemscope itemtype=\"http://schema.org/Offer\"{{/if}}>\r\n            <span class=\"price-label\" {{#if price.non_sale_price_with_tax}}style=\"display: none;\"{{/if}}>\r\n                {{theme_settings.pdp-price-label}}\r\n            </span>\r\n            <span class=\"price-now-label\" {{#unless price.non_sale_price_with_tax}}style=\"display: none;\"{{/unless}}>\r\n                {{theme_settings.pdp-sale-price-label}}\r\n            </span>\r\n            <span data-product-price-with-tax class=\"price price--withTax\">{{price.with_tax.formatted}}</span>\r\n            {{#if schema_org}}\r\n                <meta itemprop=\"availability\" content=\"{{product.availability}}\">\r\n                <meta itemprop=\"itemCondition\" itemtype=\"http://schema.org/OfferItemCondition\" content=\"http://schema.org/{{product.condition}}Condition\">\r\n                <div itemprop=\"priceSpecification\" itemscope itemtype=\"http://schema.org/PriceSpecification\">\r\n                    <meta itemprop=\"price\" content=\"{{price.with_tax.value}}\">\r\n                    <meta itemprop=\"priceCurrency\" content=\"{{currency_selector.active_currency_code}}\">\r\n                    <meta itemprop=\"valueAddedTaxIncluded\" content=\"true\">\r\n                </div>\r\n            {{/if}}\r\n            {{#if price.without_tax}}\r\n                <abbr title=\"{{lang 'products.including_tax'}}\">{{lang 'products.price_with_tax' tax_label=price.tax_label}}</abbr>\r\n            {{/if}}\r\n        </div>\r\n    {{/if}}\r\n    {{#if price.without_tax}}\r\n\t\t<div class=\"price-section price-section--withoutTax\" {{#if schema_org}}itemprop=\"offers\" itemscope itemtype=\"http://schema.org/Offer\"{{/if}}>\r\n            <span class=\"price-label\" {{#if price.non_sale_price_without_tax}}style=\"display: none;\"{{/if}}>\r\n                {{theme_settings.pdp-price-label}}\r\n            </span>\r\n            <span class=\"price-now-label\" {{#unless price.non_sale_price_without_tax}}style=\"display: none;\"{{/unless}}>\r\n                {{theme_settings.pdp-sale-price-label}}\r\n            </span>\r\n            <span data-product-price-without-tax class=\"price price--withoutTax{{#if price.with_tax}} price-section--minor{{/if}}\">{{price.without_tax.formatted}}</span>\r\n            {{#if schema_org}}\r\n                <meta itemprop=\"availability\" itemtype=\"http://schema.org/ItemAvailability\"\r\n                    content=\"http://schema.org/{{#if product.pre_order}}PreOrder{{else if product.out_of_stock}}OutOfStock{{else if product.can_purchase '===' false}}OutOfStock{{else}}InStock{{/if}}\">\r\n                <meta itemprop=\"itemCondition\" itemtype=\"http://schema.org/OfferItemCondition\" content=\"http://schema.org/{{product.condition}}Condition\">\r\n                <div itemprop=\"priceSpecification\" itemscope itemtype=\"http://schema.org/PriceSpecification\">\r\n                    <meta itemprop=\"price\" content=\"{{price.without_tax.value}}\">\r\n                    <meta itemprop=\"priceCurrency\" content=\"{{currency_selector.active_currency_code}}\">\r\n                    <meta itemprop=\"valueAddedTaxIncluded\" content=\"false\">\r\n                </div>\r\n            {{/if}}\r\n            {{#if price.with_tax}}\r\n                <abbr title=\"{{lang 'products.excluding_tax'}}\">{{lang 'products.price_without_tax' tax_label=price.tax_label}}</abbr>\r\n            {{/if}}\r\n        </div>\r\n        <div class=\"price-section price-section--withoutTax rrp-price--withoutTax{{#if price.with_tax}} price-section--minor{{/if}}\" {{#unless price.rrp_without_tax}}style=\"display: none;\"{{/unless}}>\r\n            {{theme_settings.pdp-retail-price-label}}\r\n            <span data-product-rrp-price-without-tax class=\"price price--rrp\"> \r\n                {{price.rrp_without_tax.formatted}}\r\n            </span>\r\n        </div>\r\n        <div class=\"price-section price-section--withoutTax non-sale-price--withoutTax{{#if price.with_tax}} price-section--minor{{/if}}\" {{#unless price.non_sale_price_without_tax}}style=\"display: none;\"{{/unless}}>\r\n            {{theme_settings.pdp-non-sale-price-label}}\r\n            <span data-product-non-sale-price-without-tax class=\"price price--non-sale\">\r\n                {{price.non_sale_price_without_tax.formatted}}\r\n            </span>\r\n        </div>\r\n    {{/if}}\r\n    {{#if page_type '===' 'product'}}\r\n         <div class=\"price-section price-section--saving price\" {{#unless price.saved}}style=\"display: none;\"{{/unless}}>\r\n                <span class=\"price\">{{lang 'products.you_save_opening_text'}}</span>\r\n                <span data-product-price-saved class=\"price price--saving\">\r\n                    {{price.saved.formatted}}\r\n                </span>\r\n                <span class=\"price\">{{lang 'products.you_save_closing_bracket'}}</span>\r\n         </div>\r\n    {{/if}}\r\n{{/and}}\r\n  \n","components/common/login-for-pricing":"<p translate>Log in for pricing</p>\n","components/products/bulk-discount-rates":"{{#if bulk_discount_rates.length}}\n    {{#if product}}<dt class=\"productView-info-name\">{{lang 'products.bulk_pricing.title'}}</dt>{{/if}}\n    <dd class=\"productView-info-value\">\n        <a href=\"{{url}}\"\n           {{#unless is_ajax }}data-reveal-id=\"bulkPricingModal{{#if id}}-{{id}}-{{$index}}{{/if}}\"{{/unless}}>\n            {{lang 'products.bulk_pricing.view'}}\n        </a>\n    </dd>\n    <div id=\"bulkPricingModal{{#if id}}-{{id}}-{{$index}}{{/if}}\" class=\"modal modal--small\" data-reveal>\n        <div class=\"modal-header\">\n            <h2 class=\"modal-header-title\">{{lang 'products.bulk_pricing.modal_title'}}</h2>\n            <a href=\"#\" class=\"modal-close\" aria-label=\"Close\"><span aria-hidden=\"true\">&#215;</span></a>\n        </div>\n        <div class=\"modal-body\">\n            <p>{{lang 'products.bulk_pricing.instructions'}}</p>\n            <ul>\n                {{#each bulk_discount_rates}}\n                <li>\n                    {{lang 'products.bulk_pricing.range' min=min max=max}}\n                    {{#if type '===' 'percent'}}\n                    {{lang 'products.bulk_pricing.percent' discount=discount.formatted}}\n                    {{/if}}\n                    {{#if type '===' 'fixed'}}\n                    {{lang 'products.bulk_pricing.fixed' discount=discount.formatted}}\n                    {{/if}}\n                    {{#if type '===' 'price'}}\n                    {{lang 'products.bulk_pricing.price' discount=discount.formatted}}\n                    {{/if}}\n                </li>\n                {{/each}}\n            </ul>\n        </div>\n    </div>\n{{/if}}\n","components/common/currency-selector":"{{#if currency_selector.currencies.length '>' 1}}\n<ul class=\"navUser-section\">\n    <li class=\"navUser-item\">\n        <a class=\"navUser-action navUser-action--currencySelector has-dropdown\" href=\"#\" data-dropdown=\"currencySelection\" aria-controls=\"currencySelection\" aria-expanded=\"false\">{{lang 'common.currency' code=currency_selector.active_currency_code}} <i class=\"icon\" aria-hidden=\"true\"><svg><use xlink:href=\"#icon-chevron-down\" /></svg></i></a>\n        <ul class=\"dropdown-menu\" id=\"currencySelection\" data-dropdown-content aria-hidden=\"true\" tabindex=\"-1\">\n            {{#each currency_selector.currencies}}\n            <li class=\"dropdown-menu-item\">\n                <a href=\"{{{switch_url}}}\">\n                    {{#if is_active}}\n                    <strong>{{name}}</strong>\n                    {{else}}\n                    {{name}}\n                    {{/if}}\n                </a>\n            </li>\n            {{/each}}\n        </ul>\n    </li>\n</ul>\n{{/if}}\n","components/common/navigation-list":"{{#if children}}\n<a class=\"navPages-action has-subMenu{{#if is_active}} activePage{{/if}}\" href=\"{{url}}\" data-collapsible=\"navPages-{{id}}\">\n    {{name}} <i class=\"icon navPages-action-moreIcon\" aria-hidden=\"true\"><svg><use xlink:href=\"#icon-chevron-down\" /></svg></i>\n</a>\n<div class=\"navPage-subMenu\" id=\"navPages-{{id}}\" aria-hidden=\"true\" tabindex=\"-1\">\n    <ul class=\"navPage-subMenu-list\">\n        <li class=\"navPage-subMenu-item\">\n            <a class=\"navPage-subMenu-action navPages-action\" href=\"{{url}}\">{{lang 'category.view_all.name' category=name}}</a>\n        </li>\n        {{#each children}}\n            <li class=\"navPage-subMenu-item\">\n                {{#if children}}\n                    <a\n                        class=\"navPage-subMenu-action navPages-action has-subMenu{{#if is_active}} activePage{{/if}}\"\n                        href=\"{{url}}\"\n                        data-collapsible=\"navPages-{{id}}\"\n                        data-collapsible-disabled-breakpoint=\"medium\"\n                        data-collapsible-disabled-state=\"open\"\n                        data-collapsible-enabled-state=\"closed\">\n                        {{name}} <i class=\"icon navPages-action-moreIcon\" aria-hidden=\"true\"><svg><use xlink:href=\"#icon-chevron-down\" /></svg></i>\n                    </a>\n                    <ul class=\"navPage-childList\" id=\"navPages-{{id}}\">\n                        {{#each children}}\n                        <li class=\"navPage-childList-item\">\n                            <a class=\"navPage-childList-action navPages-action{{#if is_active}} activePage{{/if}}\" href=\"{{url}}\">{{name}}</a>\n                        </li>\n                        {{/each}}\n                    </ul>\n                {{else}}\n                    <a class=\"navPage-subMenu-action navPages-action{{#if is_active}} activePage{{/if}}\" href=\"{{url}}\">{{name}}</a>\n                {{/if}}\n            </li>\n        {{/each}}\n    </ul>\n</div>\n{{else}}\n<a class=\"navPages-action{{#if is_active}} activePage{{/if}}\" href=\"{{url}}\">{{name}}</a>\n{{/if}}\n","components/common/navigation-list-alternate":"{{#if children}}\n    <a class=\"navPages-action navPages-action-depth-max has-subMenu is-root{{#if is_active}} activePage{{/if}}\" href=\"{{url}}\" data-collapsible=\"navPages-{{id}}\">\n        {{name}} <i class=\"icon navPages-action-moreIcon\" aria-hidden=\"true\"><svg><use xlink:href=\"#icon-chevron-down\" /></svg></i>\n    </a>\n    {{> components/common/navigation-dropdown}}\n{{else}}\n    <a class=\"navPages-action{{#if is_active}} activePage{{/if}}\" href=\"{{url}}\">{{name}}</a>\n{{/if}}\n","components/products/price-range":"{{#and price.retail_price_range.min.with_tax price.retail_price_range.max.with_tax}}\n    <div class=\"price-section price-section--withTax rrp-price--withTax\">\n        {{theme_settings.pdp-retail-price-label}}\n        <span data-product-rrp-price-with-tax class=\"price price--rrp\">{{price.retail_price_range.min.with_tax.formatted}} - {{price.retail_price_range.max.with_tax.formatted}}</span>\n    </div>\n{{else}}\n    {{#if price.with_tax}}\n        <div class=\"price-section price-section--withTax rrp-price--withTax\" style=\"display: none;\">\n            {{theme_settings.pdp-retail-price-label}}\n            <span data-product-rrp-with-tax class=\"price price--rrp\">\n                {{price.rrp_with_tax.formatted}}\n            </span>\n        </div>\n    {{/if}}\n{{/and}}\n{{#and price.price_range.min.with_tax price.price_range.max.with_tax}}\n    {{!-- Never display the \"non-sales price\" if there is a price range to be shown, but we do want the element on the page --}}\n    <div class=\"price-section price-section--withTax non-sale-price--withTax\" style=\"display: none;\">\n        {{theme_settings.pdp-non-sale-price-label}}\n        <span data-product-non-sale-price-with-tax class=\"price price--non-sale\">\n            {{price.non_sale_price_with_tax.formatted}}\n        </span>\n    </div>\n    <div class=\"price-section price-section--withTax\" {{#if schema_org}}itemprop=\"offers\" itemscope itemtype=\"http://schema.org/Offer\"{{/if}}>\n        <span class=\"price-label\">{{theme_settings.pdp-price-label}}</span>\n        <span class=\"price-now-label\" style=\"display: none;\">{{theme_settings.pdp-sale-price-label}}</span>\n        <span data-product-price-with-tax class=\"price price--withTax\">{{price.price_range.min.with_tax.formatted}} - {{price.price_range.max.with_tax.formatted}}</span>\n        {{#and price.price_range.min.without_tax price.price_range.max.without_tax}}\n            <abbr title=\"{{lang 'products.including_tax'}}\">{{lang 'products.price_with_tax' tax_label=price.price_range.min.tax_label}}</abbr>\n        {{/and}}\n        {{#if schema_org}}\n            <meta itemprop=\"availability\" content=\"{{product.availability}}\">\n            <meta itemprop=\"itemCondition\" itemtype=\"http://schema.org/OfferItemCondition\" content=\"http://schema.org/{{product.condition}}Condition\">\n            <div itemprop=\"priceSpecification\" itemscope itemtype=\"http://schema.org/PriceSpecification\">\n                <meta itemprop=\"minPrice\" content=\"{{price_range.min.with_tax.value}}\"  />\n                <meta itemprop=\"price\" content=\"{{price_range.min.with_tax.value}}\">\n                <meta itemprop=\"maxPrice\" content=\"{{price_range.max.with_tax.value}}\"  />\n                <meta itemprop=\"priceCurrency\" content=\"{{currency_selector.active_currency_code}}\">\n                <meta itemprop=\"valueAddedTaxIncluded\" content=\"true\">\n            </div>\n        {{/if}}\n    </div>\n{{/and}}\n{{#and price.retail_price_range.min.without_tax price.retail_price_range.max.without_tax}}\n    <div class=\"price-section price-section--withoutTax rrp-price--withoutTax{{#if price.with_tax}} price-section--minor{{/if}}\">\n        {{theme_settings.pdp-retail-price-label}}\n        <span data-product-rrp-price-without-tax class=\"price price--rrp\">{{price.retail_price_range.min.without_tax.formatted}} - {{price.retail_price_range.max.without_tax.formatted}}</span>\n    </div>\n{{else}}\n    {{#if price.without_tax}}\n        <div class=\"price-section price-section--withoutTax rrp-price--withoutTax{{#if price.with_tax}} price-section--minor{{/if}}\" style=\"display: none;\">\n            {{theme_settings.pdp-retail-price-label}}\n            <span data-product-rrp-price-without-tax class=\"price price--rrp\">\n                {{price.rrp_without_tax.formatted}}\n            </span>\n        </div>\n    {{/if}}\n{{/and}}\n{{#and price.price_range.min.without_tax price.price_range.max.without_tax}}\n    {{!-- Never display the \"non-sales price\" if there is a price range to be shown, but we do want the element on the page --}}\n    <div class=\"price-section price-section--withoutTax non-sale-price--withoutTax{{#if price.with_tax}} price-section--minor{{/if}}\" style=\"display: none;\">\n        {{theme_settings.pdp-non-sale-price-label}}\n        <span data-product-non-sale-price-without-tax class=\"price price--non-sale\">\n            {{price.non_sale_price_without_tax.formatted}}\n        </span>\n    </div>\n    <div class=\"price-section price-section--withoutTax{{#and price_range.min.with_tax price_range.max.with_tax}} price-section--minor{{/and}}\" {{#if schema_org}}itemprop=\"offers\" itemscope itemtype=\"http://schema.org/Offer\"{{/if}}>\n        <span class=\"price-label\">{{theme_settings.pdp-price-label}}</span>\n        <span class=\"price-now-label\" style=\"display: none;\">{{theme_settings.pdp-sale-price-label}}</span>\n        <span data-product-price-without-tax class=\"price price--withoutTax\">{{price.price_range.min.without_tax.formatted}} - {{price.price_range.max.without_tax.formatted}}</span>\n        {{#and price.price_range.min.with_tax price.price_range.max.with_tax}}\n            <abbr title=\"{{lang 'products.excluding_tax'}}\">{{lang 'products.price_without_tax' tax_label=price.price_range.min.tax_label}}</abbr>\n        {{/and}}\n        {{#if schema_org}}\n            <meta itemprop=\"availability\" content=\"{{product.availability}}\">\n            <meta itemprop=\"itemCondition\" itemtype=\"http://schema.org/OfferItemCondition\" content=\"http://schema.org/{{product.condition}}Condition\">\n            <div itemprop=\"priceSpecification\" itemscope itemtype=\"http://schema.org/PriceSpecification\">\n                <meta itemprop=\"minPrice\" content=\"{{price.price_range.min.without_tax.value}}\"  />\n                <meta itemprop=\"price\" content=\"{{price.price_range.min.without_tax.value}}\">\n                <meta itemprop=\"maxPrice\" content=\"{{price.price_range.max.without_tax.value}}\"  />\n                <meta itemprop=\"priceCurrency\" content=\"{{currency_selector.active_currency_code}}\">\n                <meta itemprop=\"valueAddedTaxIncluded\" content=\"false\">\n            </div>\n        {{/if}}\n    </div>\n{{/and}}\n\n{{!-- Never display the \"saving price\" element by default if there is a price range on the page to be shown --}}\n{{#if page_type '===' 'product'}}\n     <div class=\"price-section price-section--saving price\" style=\"display: none;\">\n            <span class=\"price\">{{lang 'products.you_save_opening_text'}}</span>\n            <span data-product-price-saved class=\"price price--saving\">\n                {{price.saved.formatted}}\n            </span>\n            <span class=\"price\">{{lang 'products.you_save_closing_bracket'}}</span>\n     </div>\n{{/if}}\n","components/common/navigation-dropdown":"<div class=\"navPage-subMenu navPage-subMenu-horizontal\" id=\"navPages-{{id}}\" aria-hidden=\"true\" tabindex=\"-1\">\n    <ul class=\"navPage-subMenu-list\">\n        <li class=\"navPage-subMenu-item-parent\">\n            <a class=\"navPage-subMenu-action navPages-action navPages-action-depth-max\" href=\"{{url}}\">{{lang 'category.view_all.name' category=name}}</a>\n        </li>\n        {{#each children}}\n            <li class=\"navPage-subMenu-item-child\">\n                {{#if children}}\n                    <a class=\"navPage-subMenu-action navPages-action navPages-action-depth-max has-subMenu{{#if is_active}} activePage{{/if}}\" href=\"{{url}}\" data-collapsible=\"navPages-{{id}}\">\n                        {{name}} <i class=\"icon navPages-action-moreIcon\" aria-hidden=\"true\"><svg><use xlink:href=\"#icon-chevron-down\" /></svg></i>\n                    </a>\n                    {{> components/common/navigation-dropdown}}\n                {{else}}\n                    <a class=\"navPage-subMenu-action navPages-action{{#if is_active}} activePage{{/if}}\" href=\"{{url}}\">{{name}}</a>\n                {{/if}}\n            </li>\n        {{/each}}\n    </ul>\n</div>\n"}